{
    "x_carriage.stl": [
        [
            -30.0,
            -19.994877,
            0.0
        ],
        [
            30.0,
            19.994877,
            5.0
        ]
    ],
    "x_belt_clamp.stl": [
        [
            -4.5,
            -16.5,
            0.0
        ],
        [
            4.5,
            16.5,
            5.0
        ]
    ],
    "left_y_carriage.stl": [
        [
            -29.4,
            -43.535,
            -16.0
        ],
        [
            30.0,
            15.994876,
            5.0
        ]
    ],
    "right_y_carriage.stl": [
        [
            -29.4,
            -15.994876,
            -16.0
        ],
        [
            30.0,
            43.535,
            5.0
        ]
    ],
    "left_motor_mount.stl": [
        [
            -50.125,
            -44.144875,
            0.0
        ],
        [
            23.65,
            21.144875,
            15.0
        ]
    ],
    "left_lower_motor_mount.stl": [
        [
            -20.5,
            -20.494877,
            -24.994877
        ],
        [
            20.5,
            24.15,
            15.0
        ]
    ],
    "right_motor_mount.stl": [
        [
            -23.65,
            -44.144875,
            0.0
        ],
        [
            50.125,
            21.144875,
            15.0
        ]
    ],
    "right_lower_motor_mount.stl": [
        [
            -20.5,
            -20.494877,
            -24.994877
        ],
        [
            20.5,
            24.15,
            15.0
        ]
    ],
    "right_idler_mount.stl": [
        [
            -23.325,
            -44.144875,
            -32.5
        ],
        [
            50.125,
            -1.0,
            15.5
        ]
    ],
    "left_lower_y_carriage.stl": [
        [
            -22.224998,
            -43.535,
            -31.0
        ],
        [
            30.0,
            -16.465,
            -16.0
        ]
    ],
    "right_lower_y_carriage.stl": [
        [
            -22.224998,
            16.465,
            -31.0
        ],
        [
            30.0,
            43.535,
            -16.0
        ]
    ],
    "front_idler.stl": [
        [
            -10.0,
            -10.0,
            -26.0
        ],
        [
            10.0,
            10.0,
            18.0
        ]
    ]
}