{
    "x_carriage.stl": [
        [
            -30.0,
            -19.994877,
            0.0
        ],
        [
            30.0,
            19.994877,
            5.0
        ]
    ],
    "x_belt_clamp.stl": [
        [
            -4.5,
            -16.5,
            0.0
        ],
        [
            4.5,
            16.5,
            5.0
        ]
    ],
    "left_y_carriage.stl": [
        [
            -29.4,
            -35.994877,
            0.0
        ],
        [
            29.4,
            15.994876,
            5.0
        ]
    ],
    "right_y_carriage.stl": [
        [
            -29.4,
            -15.994876,
            0.0
        ],
        [
            29.4,
            35.994877,
            5.0
        ]
    ],
    "left_motor_mount.stl": [
        [
            -50.125,
            -44.144875,
            0.0
        ],
        [
            23.65,
            21.144875,
            15.0
        ]
    ],
    "left_lower_motor_mount.stl": [
        [
            -20.5,
            -20.494877,
            -24.994877
        ],
        [
            20.5,
            24.15,
            15.0
        ]
    ],
    "right_motor_mount.stl": [
        [
            -23.65,
            -44.144875,
            0.0
        ],
        [
            50.125,
            21.144875,
            15.0
        ]
    ],
    "right_lower_motor_mount.stl": [
        [
            -20.5,
            -20.494877,
            -24.994877
        ],
        [
            20.5,
            24.15,
            15.0
        ]
    ]
}