{
    "x_carriage.stl": [
        [
            -30.0,
            -19.994877,
            0.0
        ],
        [
            30.0,
            19.994877,
            5.0
        ]
    ],
    "x_belt_clamp.stl": [
        [
            -4.5,
            -16.5,
            0.0
        ],
        [
            4.5,
            16.5,
            5.0
        ]
    ],
    "left_y_carriage.stl": [
        [
            -29.4,
            -42.665,
            -16.0
        ],
        [
            30.0,
            15.994876,
            5.0
        ]
    ],
    "right_y_carriage.stl": [
        [
            -29.4,
            -15.994876,
            -16.0
        ],
        [
            30.0,
            42.665,
            5.0
        ]
    ],
    "left_motor_mount.stl": [
        [
            -48.94,
            -44.144875,
            0.0
        ],
        [
            23.65,
            21.144875,
            15.0
        ]
    ],
    "left_lower_motor_mount.stl": [
        [
            -20.5,
            -20.494877,
            -24.994877
        ],
        [
            20.5,
            24.15,
            15.0
        ]
    ],
    "right_motor_mount.stl": [
        [
            -23.65,
            -44.144875,
            0.0
        ],
        [
            49.265,
            21.144875,
            15.0
        ]
    ],
    "right_lower_motor_mount.stl": [
        [
            -20.5,
            -20.494877,
            -24.994877
        ],
        [
            20.5,
            24.15,
            15.0
        ]
    ],
    "right_idler_mount.stl": [
        [
            -23.325,
            -44.15,
            -32.5
        ],
        [
            49.265,
            -1.1499996,
            15.5
        ]
    ],
    "left_lower_y_carriage.stl": [
        [
            -22.224998,
            -42.665,
            -31.0
        ],
        [
            30.0,
            -15.594999,
            -16.0
        ]
    ],
    "right_lower_y_carriage.stl": [
        [
            -22.224998,
            15.594999,
            -31.0
        ],
        [
            30.0,
            42.665,
            -16.0
        ]
    ],
    "front_idler.stl": [
        [
            -10.0,
            -10.0,
            -26.0
        ],
        [
            10.0,
            10.0,
            18.0
        ]
    ],
    "left_idler_mount.stl": [
        [
            -49.265,
            -44.15,
            -32.5
        ],
        [
            23.325,
            -1.1499996,
            24.5
        ]
    ],
    "left_front_idler.stl": [
        [
            -10.0,
            -10.0,
            -35.0
        ],
        [
            10.0,
            10.0,
            18.0
        ]
    ],
    "right_front_idler.stl": [
        [
            -10.0,
            -10.0,
            -26.0
        ],
        [
            10.0,
            10.0,
            18.0
        ]
    ],
    "left_back_corner.stl": [
        [
            -60.0,
            -39.994877,
            0.0
        ],
        [
            0.0,
            -0.005124092,
            5.0
        ]
    ],
    "right_back_corner.stl": [
        [
            0.0,
            -39.994877,
            0.0
        ],
        [
            60.0,
            -0.005124092,
            5.0
        ]
    ],
    "left_front_corner.stl": [
        [
            -40.0,
            0.005124092,
            0.0
        ],
        [
            0.0,
            39.994877,
            20.0
        ]
    ],
    "right_front_corner.stl": [
        [
            0.0,
            0.005124092,
            0.0
        ],
        [
            40.0,
            39.994877,
            20.0
        ]
    ]
}