{
    "x_carriage.stl": [
        [
            -30.0,
            -19.994877,
            0.0
        ],
        [
            30.0,
            19.994877,
            5.0
        ]
    ],
    "x_belt_clamp.stl": [
        [
            -4.5,
            -16.5,
            0.0
        ],
        [
            4.5,
            16.5,
            5.0
        ]
    ],
    "left_y_carriage.stl": [
        [
            -29.4,
            -35.994877,
            0.0
        ],
        [
            29.4,
            15.994876,
            5.0
        ]
    ],
    "right_y_carriage.stl": [
        [
            -29.4,
            -15.994876,
            0.0
        ],
        [
            29.4,
            35.994877,
            5.0
        ]
    ]
}